2.605607078200670834e+00,1.033445244684551767e+01
4.290320507314930865e+00,9.344172009888929153e+00
5.494255961760756257e+00,1.166684044536117426e+01
3.461236603487947594e+00,1.243425679371605419e+01
3.580502831852435008e+00,1.003697063376664644e+01
6.281039967752912734e-01,1.626540617845775216e+01
4.798832329651435913e+00,1.459725396456545710e+01
4.280613619962171157e+00,7.999575902253062587e+00
1.975685019944843690e+00,8.732782932903594642e+00
1.152186368340266664e+00,1.311120529884453489e+01
7.679423057795457197e+00,8.711394327373520596e+00
6.632086880996209466e+00,1.053400479475080331e+01
-4.001466485494611369e-01,7.419205407665993235e+00
5.505044296485417377e-02,8.940309681765848282e+00
1.110858812609540447e+00,1.169339019930357537e+01
2.751835038341866380e+00,1.052031794924342023e+01
7.233640614286272807e+00,9.134364471003259212e+00
1.731777473504061415e-01,1.139269037474916146e+01
4.062740583583256182e+00,9.825422048666554886e+00
-2.511960460044520893e+00,7.365020689451993618e+00
2.912921275771264362e+00,8.551328356731152880e+00
2.844273794715280967e+00,1.000338483825186664e+01
6.740849441236691497e-01,1.094813345967204832e+01
1.350903038869867512e+00,1.331999119271691789e+01
2.700107451592263175e+00,1.073264638924711711e+01
1.170741022970404277e+00,9.043069815405424094e+00
-7.588281671354497604e-01,6.857877420447590744e+00
-7.447631158094525361e-01,9.894382022348420236e+00
-1.640850643021136701e+00,6.623487683896757794e+00
2.680835082846675377e+00,6.191545045359458044e+00
1.407240537509246270e+00,1.349518163809818638e+01
1.236126238273217215e+00,6.300259963331604318e+00
6.579092293953234805e-01,9.058955562952650808e+00
1.362748219499678504e+00,6.342757971849847465e+00
1.012974051786111662e+00,7.281223750064188316e+00
3.017527866695352223e+00,8.170536000318392666e+00
2.099888269921753814e+00,1.415609874671020663e+01
5.032834295389640999e+00,4.898598686864064966e+00
3.212225074107368350e+00,8.043044376270897189e+00
2.787925080962512236e+00,8.135322550805380359e+00
4.020463639050664284e+00,1.117967746661781270e+01
3.439016831752989223e+00,8.322737595675308242e+00
2.938890047502806357e+00,1.437742911739486473e+01
1.586307268995782005e+00,1.058564046770130673e+01
5.278933187307258024e+00,7.946889986767838643e+00
4.929869790717722466e-01,1.201006062115275874e+01
3.741135477170037582e+00,8.145956936856642017e+00
-4.318050676627680495e-01,8.182250625602112137e+00
1.532668631615332400e+00,6.245685757422998918e+00
1.060791723596374858e+00,1.176118032716368234e+01
8.960139369689485989e-01,8.479536598506669520e+00
3.388442644041361973e+00,1.292741287505171499e+01
1.421447191142182209e+00,1.294332336779967818e+01
5.110672125518081366e+00,1.091528801949990424e+01
3.058313535136289119e+00,1.115985381266669840e+01
4.661632765214418050e+00,1.036995765857787788e+01
-3.202169821613574108e-01,1.338614216869958540e+01
3.774261061514359916e+00,7.845486406101075616e+00
5.334939807844094162e+00,1.201835787229415864e+01
4.064344184343911870e+00,9.458162605438745985e+00
2.773871061313693431e+00,1.075229410081149517e+01
5.982416345347022713e+00,8.600488750088278067e+00
2.837185096219964731e+00,5.069595681240885554e+00
-1.384983279739326889e-01,7.495246416809098200e+00
4.192382359956119409e+00,1.277360315411491598e+01
2.228191151319089958e-01,8.959032076060081451e+00
-1.251135444747260461e+00,6.737645092505850641e+00
3.466498666969597409e+00,1.120262963408324808e+01
3.204188519922851697e+00,9.992380781990110705e+00
1.317744749606281962e+00,1.041169190517975984e+01
6.874752838214757134e-01,7.380841236883733281e+00
4.467070774267721589e+00,9.721046635635604005e+00
1.136931301672309269e+00,1.040042638701117461e+01
2.326775294878944855e+00,1.043891156242237628e+01
6.872230193402508291e+00,7.216549189640318218e+00
-3.453683654234513511e+00,7.545126258287058185e+00
-1.306147542245664983e+00,1.249184134092664777e+01
6.835912617128325763e-02,1.217900082491987845e+01
5.465955888593850176e+00,6.722714597279065174e+00
1.609406920091506432e+00,9.906123693688133613e+00
4.320196982235866567e-01,1.206715289591216056e+01
1.069041938300610450e+00,9.161606874764432362e+00
4.543427067252143736e+00,5.519859183654468815e+00
8.268301198636547333e-01,1.556188819525224076e+01
2.408730117560878181e+00,9.108220912590880403e+00
2.067339684771941855e+00,8.621378270680912337e+00
-9.030895272383254735e-01,9.501797767196796585e+00
2.064342084591832549e-01,6.893721959194874849e+00
3.812478463131958151e+00,1.261005684665744297e+01
5.439365518825129087e+00,1.221964144353088422e+01
-5.849996265504575632e-01,1.314049239952165138e+01
3.135638190508749368e+00,7.704999627162035125e+00
9.311779185013366877e-01,1.202492632779682680e+01
1.160653166863766739e+00,1.224355135674407080e+01
-2.370643051804480095e+00,1.079116884086552730e+01
7.055304738377987661e-02,1.156159200568340317e+01
6.154344492714620696e-01,1.105180802854294697e+01
2.676160951748179251e+00,1.244526034318532304e+01
-7.441420047138773697e-01,9.323652041889612718e+00
2.910613215815092136e+00,8.228662131887253040e+00
2.687643747468875244e+00,1.281431684053733733e+01
4.771808775657339297e+00,1.022054671519733304e+01
4.286992502878906208e+00,6.482159877681707094e+00
4.020370008786892768e+00,1.507043862993335281e+01
4.190390223564594230e+00,7.332992984348916998e+00
6.105015978806329624e-01,7.183129869822909797e+00
8.875899773523901359e+00,9.101259970829362445e+00
4.362498128228038397e+00,1.135670590719306894e+01
-1.574507720763892671e+00,1.046082150147577217e+01
2.914214912559446091e+00,1.021729221568731560e+01
-9.121251913956109902e-01,8.617877437197323687e+00
4.099696431654529682e+00,9.816628840509501686e+00
-1.957728703565644324e-01,1.061367465940551291e+01
7.419719940921096768e-01,1.174341734667012993e+01
1.731538815215125648e-01,7.925526372659165375e+00
4.288896357907045598e+00,1.416862806342632553e+01
1.844506030374421846e+00,6.724591475732719204e+00
7.917685385075925453e-01,1.368507695843409877e+01
6.507079120533994399e+00,1.000046343531918147e+01
2.534027555377726060e+00,1.008894480842588592e+01
4.472776065793301115e+00,9.913181398053778182e+00
4.396210942130827526e+00,7.729235147248193272e+00
3.803973359189495085e+00,8.651884672805874033e+00
4.340677129365118958e+00,1.114348636446247909e+01
3.571634535136157140e+00,9.543029048522168267e+00
4.205896548135118707e+00,9.297434845748352217e+00
-7.398842477793730055e-01,7.878643693557107142e+00
7.416688860215916890e+00,1.567583990545506722e+01
1.771561233467698449e+00,7.991012493866268329e+00
1.951065215890773974e+00,7.711562736752791025e+00
1.722673382721403801e+00,1.123689966489763847e+01
3.517654553867982425e+00,1.126395875910009536e+01
3.618065584864651019e+00,1.097068369813057309e+01
-1.071249099488653655e+00,1.211773202873206756e+01
3.281158391738564717e+00,9.479129552852519680e+00
5.219499340463547021e-01,7.670413942057498602e+00
3.767783120277343301e+00,1.008431311597089497e+01
-1.350357466062880540e+00,9.221066218323967334e+00
1.127363557278291406e+00,8.499023985920787894e+00
3.030833693263636164e+00,1.168302677548100021e+01
1.930150371230632045e+00,7.638633732182341873e+00
2.232761854545658675e+00,9.326458589261035215e+00
2.745845700116830379e+00,9.865656976466079087e+00
3.736524669193308057e+00,7.693300639875707780e+00
1.659212911960526338e+00,1.514876679791071190e+01
-8.903310715951033849e-01,1.150506900899956797e+01
1.364883511273665695e+00,1.009286102012316988e+01
1.974151313768656824e+00,1.380757966108034296e+01
1.072473129926581503e+00,1.012363429998845277e+01
-8.014340551628316156e-01,7.617158172080014999e+00
3.693265410311099561e+00,8.075733301343147374e+00
1.342114135000795461e+00,7.295801164090514490e+00
2.869880311419861663e+00,7.440232327968094417e+00
-1.542990606522984365e+00,8.368370036605240259e+00
1.860923060910250504e+00,9.966944684315057756e+00
3.755201509420517336e+00,1.022707208937396395e+01
8.134664542839948886e-01,1.078500113542930094e+01
6.466005761175575017e-01,7.196162215706675802e+00
2.218965923028255016e+00,6.355328091649518285e+00
-2.255599719950382998e-01,1.201856147177077894e+01
2.194585273427413163e+00,1.324850169106136732e+01
1.576060354905883365e+00,8.290305582125482076e+00
1.982781859191406815e+00,1.391448787141704102e+01
2.260753817742203964e+00,9.122806871665684270e+00
5.695474530554269776e+00,1.120931091906497912e+01
1.052875833619448143e+00,1.188623889605850792e+01
-4.705492035647402815e-01,4.528364495995115035e+00
3.134433538922356544e-01,6.158394749698245185e+00
8.285627084700086797e-01,7.082603235275872322e+00
9.968069918197877133e-01,1.008662798194722399e+01
1.048617060466889628e+00,5.645161181563512542e+00
1.128407841646144938e+00,9.831633883158209741e+00
7.755372496396606863e+00,1.035532077810206886e+01
-7.699794403250237451e-01,1.014231461485191410e+01
6.273954614674904562e+00,7.256849042590246768e+00
4.939936475040820341e+00,9.603788357958885413e+00
4.766026536120174129e+00,1.132851565961127349e+01
8.136636993165002885e-02,1.060794190778870671e+01
-1.618362731760997875e+00,9.026367169731379647e+00
2.232046942424664948e+00,1.083951086924672680e+01
-1.160918265682836292e+00,8.972180638204346081e+00
4.238810771040233405e-01,7.716692118582288096e+00
2.485720002497005421e+00,9.775416130557516681e+00
8.452589083736763431e-01,1.013560809767399462e+01
3.823103151136123312e+00,1.023542876864294549e+01
3.395567553212867740e+00,7.941254419603999359e+00
3.176793728566012831e+00,1.278988825604444202e+01
-4.405816608392076894e-01,8.206109627479772684e+00
2.656393291180820793e+00,9.372326643705518379e+00
2.907400575130487219e+00,7.745764075560252593e+00
4.600132557256110033e+00,1.278854924321805164e+01
1.108655986786743153e+00,7.145342971125590914e+00
1.427378470294436097e+00,9.386533857361412103e+00
3.441762070050061517e+00,1.387280817762001917e+01
3.215856043955349630e+00,7.984769571141542954e+00
3.296050428567663282e+00,1.239303842795957777e+01
1.195853826748979110e+00,1.135457893931495299e+01
2.894125741048065414e+00,1.104916048825098329e+01
1.822944080920521293e+00,1.266068876593881676e+01
4.347249283931169828e+00,1.110842159430416665e+01
1.005155272344850914e+00,7.142229150198099674e+00
1.558367971459279744e+00,6.622448131705680474e+00
2.718799804368457362e+00,7.537561736524303946e+00
3.067712726546414359e+00,8.843081882237592950e+00
4.201537829881729635e+00,8.775179479841876073e+00
2.868544068570316519e+00,1.353875691576561024e+01
3.361569003248675358e+00,1.025339613759641288e+01
-6.994116520210758026e-01,8.565646959272228855e+00
1.290899260874964316e+00,6.605549365929284988e+00
1.594486296317886964e+00,8.821697015928627650e+00
9.779201676458286752e-01,7.701091239764771501e+00
2.924870335062246696e+00,5.822697501863897784e+00
3.941523778067022477e+00,5.166090547800029853e+00
-2.264317615699125597e+00,1.260591552146407857e+01
9.068221702444618781e-01,1.090566448563724578e+01
1.097459631979435635e+00,7.617795306739839845e+00
4.967396158047463484e-01,1.193816245341760052e+01
1.482310174944593051e+00,1.052484273636368250e+01
1.296814581178203918e+00,1.064295596926660714e+01
2.681578934196897634e+00,7.939469237566374460e+00
3.135386122476308657e+00,1.212255813946478611e+01
2.436449840696543134e+00,1.293517436535252685e+01
3.040632260894209793e+00,1.312455708294024070e+01
4.545960217268095960e+00,7.227667693475741117e+00
1.174196754335490755e+00,9.237735806156242901e+00
6.551235928734248759e+00,9.125126572600766650e+00
3.765790192531428993e+00,9.290265239011217702e+00
2.495234134701930007e+00,3.961094917989036013e+00
3.592165028413276673e-01,1.297910992029257926e+01
4.700243257176554224e+00,1.274292563867535932e+01
9.769446756960751266e-01,9.873443207008353539e+00
4.338019166609177191e+00,6.219251375422201633e+00
4.110351226141307990e+00,1.151580698858831120e+01
2.869043036717260797e+00,1.248375396429285544e+01
3.743376738570844076e+00,8.976260488065269882e+00
-1.897673595322578066e+00,6.197422027127739597e+00
5.119005959192339805e-01,1.202718425689955062e+01
-2.162727972229103734e+00,9.316202300535744385e+00
3.927980497242375968e+00,8.453514755584498275e+00
-1.191649165523769316e+00,1.249213073058260548e+01
2.754937447259028005e+00,1.092935091605838061e+01
4.018857874690922927e+00,1.060614549692700237e+01
2.750877053387572602e+00,1.072513804612682797e+01
1.874145946505207938e+00,1.025847248055947247e+01
-2.077376741421881334e-01,7.913346955776756175e+00
2.922031826142913680e+00,8.509156967155016460e+00
1.954169505233218862e+00,9.062077267653005919e+00
2.683622234091571634e+00,7.538285958972581469e+00
8.995341938453764730e-01,1.152471206011705718e+01
6.522016655664330642e+00,1.286511856569484635e+01
-2.826386246400792501e+00,9.109775691024710298e+00
1.361325143111649094e+00,8.878729039265969902e+00
1.770288652008302765e+00,1.222480802299687141e+01
4.706083840895866288e+00,1.129905205540457480e+01
3.482689033849289739e+00,5.191101786226925086e+00
-1.616130431130414546e+00,8.609234070442921549e+00
3.181666128354115219e+00,1.796750824112603695e+01
1.349861556342231594e+00,9.000079127098141285e+00
2.904238150222343329e+00,8.501927174986912306e+00
5.202944937646647894e+00,7.301078519697575153e+00
2.653699813986334366e-01,1.063709465359060502e+01
-2.194587206812800062e+00,1.127159497622142048e+01
3.289514875644889980e+00,9.072728063503596729e+00
9.049819235211917778e-01,8.191628723102104104e+00
4.381611864231130582e+00,1.152606594085127334e+01
3.890223505506120283e+00,8.498534660240753880e+00
3.596309201486954876e+00,6.008728790484882509e+00
4.385625998771724987e+00,1.327624860839665644e+01
-8.076252521814630825e-01,1.023109489915820625e+01
4.961815740351953608e+00,8.243739751033297480e+00
8.210671678653345129e-01,1.089341743594715339e+01
-2.554845987896601223e+00,1.346844771119660855e+01
2.746525110126984970e-02,9.786470127258878549e+00
3.645789689454101534e+00,8.337319146504190925e+00
2.304725989175226086e+00,7.646354101333489695e+00
1.661639474952030016e+00,9.386908531401495281e+00
3.000264369403835563e-01,1.056648616254104844e+01
-1.245018746853990166e+00,8.500970801405566490e+00
2.714088192862044835e+00,1.310549762552273556e+01
-1.080535669349830918e+00,1.366336865763599562e+01
-4.780251290164549971e-02,9.816653586466427939e+00
1.504926226086663821e+00,1.219452912704418601e+01
4.456629320186020315e+00,9.147952465750822881e+00
3.466110606048265375e+00,9.642106522625160991e+00
-1.125240497330520562e+00,5.617853447291039082e+00
-1.334841524230055754e+00,1.453078711137796475e+01
1.783000114683818360e+00,1.027998290330588915e+01
1.124940635682696310e+00,1.179997616325084664e+01
3.005312035073377519e+00,1.196172733006966382e+01
1.057213832599924963e+00,1.108392746458792644e+01
-6.434478005985466709e-02,1.450459599201379035e+01
3.661785654102578391e-01,7.748867555852816835e+00
9.765294917964493226e-01,1.087291670988508052e+01
1.404210402893085963e+00,1.033797270150759395e+01
1.078462764343328217e+00,1.173799484974378160e+01
-1.171664481340988218e-01,9.595369749319019093e+00
2.091923490986256517e+00,5.895758038872800810e+00
-9.491447454274615225e-01,9.441975354504672069e+00
2.029579520595156339e+00,1.368439123945774760e+01
4.386115283461681003e+00,9.156185341226649399e+00
3.519409893955511404e+00,8.152541533784305017e+00
1.434675365112453749e+00,7.846675569460431987e+00
5.213082789179077636e+00,7.280635222836504994e+00
3.797179701849902500e+00,7.363741533857337984e+00
4.238075237510376070e+00,9.932923586808106720e+00
2.568035959047500594e+00,1.331033307518972109e+01
1.173429550170724145e+00,1.028391281380985056e+01
2.301612224178168464e+00,9.002320887825296936e+00
-7.154116503829617280e-01,1.072907748028156227e+01
3.362069683485601423e+00,8.425369872370472635e+00
4.028768611631624808e+00,8.645758902180512351e+00
-1.457424180628375865e+00,1.090282924546674792e+01
-8.908741720068666936e-01,1.252126783970630264e+01
4.531501406734279591e+00,9.182995947746707799e+00
4.579890823572347891e+00,7.680318286732186195e+00
1.720742514077744811e+00,3.727828632061163106e+00
9.054859352876540868e-01,8.376550914205804332e+00
4.005497490605367972e+00,9.138541017704300273e+00
2.527260693337384900e+00,8.426459898532064230e+00
4.240095787302637476e+00,5.626026943762092003e+00
4.677932819400674624e+00,9.868660335301425945e+00
2.706742272018451079e+00,1.043262461505175054e+01
-5.935248192638975517e-01,1.067460089498351827e+01
-2.196839172844482491e+00,8.385358606046132479e+00
3.322628881345887741e+00,1.380965330538774971e+01
1.065644975703586850e+00,5.074379915974781774e+00
3.547506766152230817e+00,1.263495826152394841e+01
7.898358301813983573e-01,8.646342345184178768e+00
2.000948649689032965e+00,9.205193303012830341e+00
7.695113419876250305e+00,7.459069141276538417e+00
9.465719734874686875e-01,1.137265912073869067e+01
4.248690407078376197e+00,9.348678397858730449e+00
6.693897701939151013e-01,9.791628074660447822e+00
3.485576906575230893e+00,6.761955023213723770e+00
3.238684569335641417e+00,1.458364757552088520e+01
3.044673894370202305e+00,8.386965079629781883e+00
-3.439352536607751532e-01,1.054824740104274738e+01
1.334499579460233676e+00,7.616964229892261962e+00
1.489784602200916908e+00,1.221031352779545642e+01
2.638605165507839079e+00,1.279360636959567366e+01
3.810740755423384307e+00,1.217569803705136344e+01
2.463051769662081281e-01,1.639343136268840695e+01
1.493800684680949065e+00,1.661186828757693945e+01
1.168820243621439436e+00,9.678380818067806146e+00
-2.745449467684925260e+00,1.395756706732654884e+01
-2.675056193789569825e+00,9.640226992994220367e+00
2.190704836732708660e-01,1.384718918125625819e+01
2.976362110769643188e+00,7.193144525193908123e+00
1.795558203627487526e+00,8.958257418788326376e+00
1.326445320783949278e+00,9.459226921743217886e+00
1.251740572026972753e+00,1.107460028830772281e+01
2.452234464487536236e+00,1.128639477858549967e+01
1.290662091021936630e+00,9.199456169779280046e+00
4.468905520248970475e+00,1.054471989842206447e+01
1.931006706478044510e-01,1.353493841665106423e+01
1.302855022494346482e+00,1.046332287586363741e+01
4.100933015599823150e+00,1.007322382499883240e+01
3.928660178276356163e+00,1.293721356765134800e+01
1.783130133046427535e+00,1.023674544145182708e+01
4.014218644916359935e+00,1.142335369883730323e+01
4.380064749767067944e+00,9.866702377738237217e+00
1.607428508699604075e+00,9.573492897048451411e+00
3.083082056546525340e+00,8.494533278426976253e+00
4.127099536903150678e+00,1.207415810397423428e+01
2.408153047928104584e+00,1.069587248297041526e+01
2.929766220093283025e+00,6.374938788326325323e+00
4.747790141739798742e+00,8.913097859387336896e+00
-1.235206512523356892e-01,8.433153522771824839e+00
1.705337548201730113e+00,1.044072141592818959e+01
2.337631313587503534e+00,9.602722042737012131e+00
1.289443850993062135e+00,1.059711805651947003e+01
1.814473798146409411e+00,1.219401598497240791e+01
2.387782315819225065e+00,1.204956530963923633e+01
-4.102163713244642018e-01,6.509539477098190474e+00
4.840574231944290151e-01,6.477333176967221107e+00
2.292267180395269666e+00,1.283833020213018905e+01
5.189858870303576843e+00,9.143312063663197264e+00
3.161819790879374814e+00,9.204359550644543475e+00
6.266091487795468318e+00,7.144715102652220651e+00
2.337047088546675866e+00,9.930275592348857927e+00
-5.036247486923142169e-01,1.230292102503045371e+01
3.835250898608193459e+00,1.288205592062589844e+01
-2.564518869532860457e+00,9.658536381010014438e+00
2.517403505524455909e+00,1.275277954658569612e+01
4.922329554126513074e+00,1.107821209300707821e+01
-2.749230857055429134e-01,1.549305841262462913e+01
8.138092771784188884e+00,9.115951025849145850e+00
-6.888275901676510493e-01,1.043928833228341091e+01
4.667896455666365796e+00,9.091291462867435058e+00
4.021252780107596791e+00,7.917880978797817271e+00
2.662252482533379094e+00,1.062288898689376460e+01
9.981474838978587893e-01,9.055742003785624661e+00
1.873998043415012305e+00,1.336185315525349715e+01
2.808641111110323330e+00,7.882614858429835891e+00
1.360338435658154932e+00,1.124439127022958829e+01
3.154516287493395410e+00,1.355278527825925394e+01
-1.014521200988373284e+00,9.375166423806250648e+00
1.801712938601413461e+00,7.735075008372909622e+00
4.610593504179560043e+00,1.192826937188170078e+01
3.540119414945392506e+00,9.748455250633062619e+00
1.774047055119893024e+00,9.925336137432418937e+00
6.585377719895637583e+00,1.361856553414169113e+01
5.566728899435411382e-01,9.877247887183145281e+00
-6.112929644299951448e-01,1.028142612606801976e+01
3.462775215295594400e+00,1.349141328113480398e+01
3.668808056221565916e+00,9.620620719388211839e+00
2.846171726154592463e+00,1.086421392948741982e+01
2.252388551486430579e-01,1.000630136803154713e+01
6.185398882637655582e+00,1.356890682953632421e+01
2.510236316932900724e+00,7.548981633987246198e+00
1.769352616279617374e+00,1.053256293219203776e+01
2.375674092535787985e+00,7.139099346794412604e+00
4.262810904341687746e+00,9.143555814465461395e+00
2.719879329873775120e+00,1.122616291473308081e+01
9.174378005151528903e-01,8.968938707322044124e+00
-1.109846430202543477e+00,1.269013839776343033e+01
1.362706945973474637e+00,9.341794175879821083e+00
3.063991829237901143e+00,1.283103380398793192e+01
2.684697235953263483e+00,1.442986519953658586e+01
4.317545782295113099e+00,7.943212135811354102e+00
5.907728101192052605e+00,1.528201347395574317e+01
2.101596041047915087e-01,9.428945726768844793e+00
5.157478879674442851e+00,6.067597859933949067e+00
3.072609781444831434e+00,9.887711053253335436e+00
3.194091273227636307e+00,9.386036152582745373e+00
1.338949681834893379e-01,5.177145343141972056e+00
2.810115031016567677e+00,1.191289945900417635e+01
2.771066483782186118e+00,9.073534157088081642e+00
-1.201136786740589546e+00,1.060855987937911316e+01
-7.510808891216065319e-01,6.364924843462382853e+00
3.479407385964926380e+00,9.090971887236179327e+00
-1.380500464947655992e-01,8.272565083164151289e+00
-1.467504405891657981e+00,8.419811179543341240e+00
2.843620762509187383e+00,9.364382979665611728e+00
4.118228385936056668e+00,1.237868059968270629e+01
2.370106445370413706e+00,8.550926244541575016e+00
3.113152396975165104e+00,1.056636616053370048e+01
2.666023006429523168e+00,7.872573162730606811e+00
4.123543513153912876e+00,9.221151477233666682e+00
3.204180744797779035e+00,8.820851535598379201e+00
7.077560159257111572e+00,9.360178311877088930e+00
2.336258955104736579e+00,7.853464878857592701e+00
2.684653739128750161e+00,1.061905398452070592e+01
2.136948359874185410e+00,9.775318339390635103e+00
2.483834567024433060e+00,7.777585162762253645e+00
3.544053915085933149e+00,1.018229887797249944e+01
6.455799443619063993e+00,9.802892849897689942e+00
2.528781951088323598e+00,1.209323615318247036e+01
2.356587252727466275e+00,1.199157999081819170e+01
4.893700389489227476e+00,1.400260908247221181e+01
-5.860779337533479350e-01,1.223174948884123836e+01
1.892788837009940162e+00,1.278677338423231546e+01
2.369014459961633179e+00,1.343570788083733980e+01
-3.266790000808338590e+00,9.549138242901511475e+00
2.446466237955631229e-01,6.087156549127360705e+00
-1.473364095047317246e+00,8.952864647025659650e+00
2.785629997014659409e+00,9.998574923756777366e+00
-1.299588988953427116e+00,1.040024447209573921e+01
6.053379246922725443e+00,1.094718232801903923e+01
1.604757041729864442e+00,9.507188977382552864e+00
8.675410827287410864e-01,1.071999575006424443e+01
2.058050339111993310e+00,1.038210758595029581e+01
4.416783407476718715e+00,1.509878372924568879e+01
1.336943161946841485e+00,8.569614983754938464e+00
5.969494279920890545e-01,9.858936828825456189e+00
8.277064183876532866e+00,1.214449792415287277e+01
1.461058121458904679e+00,1.446380985512736927e+01
6.374554786598727318e-01,1.207374322807900491e+01
5.536776721660174871e-02,9.301031463513680819e+00
2.734203092924765599e+00,5.171393039214990495e+00
3.862851012106306214e+00,8.919016417997548629e+00
4.947166757890553157e+00,1.146930883457859274e+01
3.685283682837670050e-02,9.299148829848565612e+00
-2.475742593590457119e+00,1.046147814290208444e+01
4.764050294521302575e-01,4.634372953730635736e+00
-1.776968356245056668e-01,1.219845581732811723e+01
2.407469033210916542e+00,6.971744626403388878e+00
4.696994882209079236e+00,7.887650949629229302e+00
-2.207469590775454904e-01,4.075021950973220619e+00
4.748649644373283962e+00,8.960563501159407807e+00
2.380946510781528858e+00,9.554568360444829267e+00
2.141400663166736162e+00,1.185844379428692719e+01
1.568938221576011705e+00,1.136921659121267147e+01
-5.092258135883405146e-01,6.536040399538766366e+00
2.257988384356226952e+00,6.695902854498287482e+00
1.936427032609837395e+00,6.036890528113811882e+00
2.857675332434574944e+00,7.371596014792517693e+00
4.258006020802270086e+00,1.000998770937072813e+01
2.082219275514293422e+00,8.410724410437895315e+00
1.084220100414878152e+00,9.508457319713738087e+00
4.249214980577020739e+00,1.074371749652264540e+01
2.372226566669898506e+00,7.163524554132507660e+00
5.244486108757021370e+00,7.556863669031546493e+00
4.051628351107062542e+00,1.021199228215741783e+01
2.109551990056020010e-01,9.999677450192884010e+00
1.385713480071511405e+00,7.719081260495205932e+00
3.780073737127626288e+00,7.586686627738284727e+00
8.992415395992164662e+00,1.193702744787903214e+01
2.157933925591720037e+00,1.472243710215873946e+01
-6.123327281288175605e-01,1.031876095929173864e+01
-1.619291752107265836e-02,1.153367001084566112e+01
-4.666451102687465990e+00,1.175976807321286266e+01
1.702848540176050918e+00,1.434067589205974080e+01
4.903908087705200813e+00,5.057629996276991058e+00
3.841510089236920056e+00,6.512480155168647755e+00
2.805682785470542395e+00,7.492136543018208528e+00
3.516951089302392752e+00,8.702638281742276050e+00
7.657866795515169134e-01,1.142073484714613940e+01
-1.908507084195797177e+00,9.939692907960447243e+00
2.042841446208139011e+00,1.173761901118364825e+01
1.971878832809409676e+00,1.066110257367311220e+01
8.100144878259738501e-01,1.162411637112261253e+01
2.357094903972951627e+00,9.888290163364361618e+00
-5.787036918075418868e-01,1.034327678891289892e+01
3.310260753908571107e+00,1.006928198831497134e+01
5.282541660639330061e+00,4.915240157822108991e+00
1.461486438692217060e+00,1.105627780706110563e+01
1.390969424835846624e+00,9.535550127732230763e+00
2.196081741652571306e+00,4.707479454712746758e+00
1.812300391138464084e+00,1.000762002598493439e+01
2.474677362628657562e+00,1.573288649184713961e+01
2.821267559063883379e+00,7.883363468482565750e+00
2.004558617922205244e+00,1.298933440084135071e+01
1.795835305729092557e+00,1.181059787412429785e+01
-7.223715632225187200e-01,8.278368904270845263e+00
1.077035773652772033e+00,1.479868075691996054e+01
8.145235459953648061e-02,1.249655429684449004e+01
2.427854038022567273e+00,8.836627488943230802e+00
2.394808820676875172e+00,1.159547167330272721e+01
4.221288391582220356e+00,8.980705280896236431e+00
7.494238868670310971e-01,1.214517189926225882e+01
4.122917401484071931e+00,9.889408493893135699e+00
7.039768330825744158e+00,9.522700791140941590e+00
1.289732437986828462e+00,1.064003691643033100e+01
2.188379841631820977e+00,1.005483709656293279e+01
5.853812085354199723e-01,1.415755930008563190e+01
2.001982306455032390e-01,1.013924461391911613e+01
9.060722541060199919e-01,8.769758814575970618e+00
1.175075393178934835e+00,1.123341391565885061e+01
5.798363062717202254e+00,1.099758472064769066e+01
6.456691672323129794e+00,7.963091290381040466e+00
5.897344937182040780e+00,8.071399622646325156e+00
6.558949793055013355e-01,1.267442437879592632e+01
1.455148487989906592e+00,9.512555819022745496e+00
-2.948431932676780498e-01,9.898027461242572045e+00
3.820088693280325742e+00,1.008444241857536738e+01
3.077384418465231697e+00,8.825093559655407205e+00
8.986198409350298899e-01,8.494620730315091350e+00
3.826279248931842236e+00,1.174447292938520881e+01
1.229717953690229848e+00,9.951265930723312891e+00
2.798466435149538967e+00,1.325748084174101571e+01
1.417872739678141203e+00,1.408536119955689969e+01
-2.856650460473582065e-01,8.035648625654630450e+00
2.446473550735436930e+00,1.123233641714988806e+01
5.556235352996978349e+00,6.574962120603077054e+00
3.624132706083011524e+00,1.056474810008057830e+01
3.457153015142783836e+00,1.036897248650870829e+01
6.827635109031591210e-01,7.700644954395050590e+00
1.502474838030579019e+00,6.952684983853440137e+00
1.992985467372004216e+00,1.004775386851527408e+01
2.096092944070465425e+00,5.396980572045099400e+00
1.077421837284210149e+00,1.037142732997894079e+01
2.766566771228751165e+00,1.355252605693903512e+01
2.258239988846523438e+00,1.052667272296543466e+01
4.889650969167012029e+00,1.290009151876184390e+01
3.872186474352865115e+00,1.207256267430285490e+01
-1.440562489610873964e+00,1.060640811567089514e+01
1.981226360749278381e+00,7.933460717557670350e+00
3.174928945809578185e+00,1.340668300498508003e+01
1.968554304489950502e+00,1.026374699686227743e+01
1.845867241393489344e+00,1.001556227703097690e+01
1.723226127751763093e+00,1.211998660373205539e+01
-2.022326414528504479e+00,1.466949173019539643e+01
4.081972159439749781e+00,9.921825863933202427e+00
4.059713320940105064e+00,1.132848931128834202e+01
4.724074653994302153e+00,9.906225181975111482e+00
1.827529134970227176e-01,1.635822812935708015e+01
1.562889278353662981e+00,9.630522684397373467e+00
3.207180486519455087e+00,1.371614329929810339e+01
5.467310377956511758e+00,1.023747275072954288e+01
3.040885392230590067e+00,8.323937842224268024e+00
-1.892152678979842850e+00,9.207885698996006951e+00
8.457083865575267367e+00,1.031914030802817628e+01
-3.170124905677984550e-01,9.961763742567963931e+00
5.900853802154182759e+00,1.258626413421326440e+01
6.199676419907689251e-01,1.154859251486442773e+01
9.662953340545146208e-01,1.057294166391068835e+01
-9.856829532769264546e-01,8.373232056810056889e+00
2.428787476158824177e+00,1.243439016699380240e+01
3.131725691151312496e+00,9.136983558732195476e+00
1.514832093098976040e+00,8.872621899764427056e+00
6.732463174278448648e+00,1.103841887987686654e+01
1.297271962218760066e+00,4.697674353858981355e+00
4.227384783532661672e+00,8.982754415143833882e+00
4.226113756740465632e+00,1.106734212995072220e+01
-1.686130270288164201e+00,6.579724867009070444e+00
6.375594084769308445e+00,8.814140266976806970e+00
5.094133569633688019e+00,5.074246342063299942e+00
2.787005278698722055e+00,9.088366550678596667e+00
6.733349725127208973e-01,1.023593276859632972e+01
2.108210996191377085e+00,1.095045687645767885e+01
7.194249173380184992e-02,7.659084925483007567e+00
4.581111762723437675e-01,1.178447881293076804e+01
1.553514245298964758e+00,1.224365928170374573e+01
-2.672708924150760446e+00,1.148791963441970410e+01
2.139313799200139421e+00,8.677566208213706389e+00
2.098427700618226144e-01,8.815765790115527523e+00
4.502100116005768982e+00,1.180653318257322049e+01
-1.986630402503964721e+00,1.121272443789098361e+01
8.019301064019487058e+00,1.084758396400521008e+01
2.784531026938102727e+00,8.612630042518745199e+00
2.078244406629832230e-01,9.428205605451925209e+00
4.045151297426908599e+00,3.543506467178333175e+00
3.964884462539304266e+00,9.152226770948148626e+00
1.099178525871725043e+00,1.039020888685604760e+01
-2.756817038906214101e-01,1.025120587377345593e+01
-3.286201047267328867e+00,6.086273908475589245e+00
-6.463118687350193348e-01,1.190136141708239137e+01
4.244978769625467052e+00,9.632670943091673266e+00
2.489559904026857229e+00,9.896941403540811422e+00
2.013300126033891413e+00,8.259164825881645910e+00
5.508945273922122077e+00,9.895680486296299705e+00
1.387206248897989713e+00,9.326915115456744232e+00
4.706967064553404967e+00,1.020638575389804004e+01
3.204617919678510063e+00,9.436014664345233172e+00
2.398197684684743258e+00,9.969603082893568669e+00
3.653792079873456444e+00,1.030709065005311764e+01
4.198590068245941609e+00,8.660475990575697836e+00
8.070380710177054162e-01,9.767382382046470468e+00
-2.023921842700371343e-01,5.864717341537175166e+00
1.001710181938798572e+00,7.388952969179712227e+00
2.073420608421065570e+00,1.201562048948745520e+01
3.747402394353820831e+00,1.160950581129425174e+01
1.031040991241693572e+00,5.585125320624520384e+00
4.910525220272354829e+00,8.656486664903658479e+00
1.654522244294063249e+00,8.890563792014022582e+00
3.158384691508721254e+00,9.050745688605276840e+00
2.227444097201785045e-01,1.099270585564541669e+01
3.639888786832604417e+00,7.784029711594499190e+00
2.815888469112755033e+00,1.151181277590234053e+01
3.346089006351533612e+00,1.285895044063395432e+01
-1.003095137254702340e+00,1.123640534694267323e+01
1.015307717467619941e+00,9.719922824569193764e+00
1.268294459870304536e+00,9.164012491796265536e+00
2.830251902998222047e+00,1.021038090726196934e+01
2.166992095058775547e+00,9.997371966868829674e+00
4.234010354007274657e+00,1.093283703782419636e+01
5.008337419614320218e+00,1.296359422127804883e+01
7.180880508294693598e+00,4.787871299971986794e+00
4.941346767284939823e-01,1.037032151221331233e+01
-2.544011276009827682e-01,9.371685611912477398e+00
1.262040028029712824e+00,9.112291987034492280e+00
2.701356964103523772e+00,7.596777099368938302e+00
-1.728648743131469434e+00,1.281623612702089510e+01
1.969009376339491135e+00,1.328287589781224654e+01
1.322707205336788316e+00,1.239045234124070838e+01
3.850955647000833704e+00,1.078837573880596068e+01
2.775769356125579623e+00,1.023964868815436269e+01
8.351245233231274767e-01,8.381587882061596773e+00
2.304848002252615213e+00,7.151799096236028497e+00
8.720026057653265106e-01,6.741543558453980012e+00
4.718002666637543641e+00,1.526053655428010813e+01
4.798039202715687068e+00,1.130324342999377762e+01
8.469323122823966266e-01,1.079638933155065139e+01
1.313399225678956395e+00,1.063134340246942600e+01
1.041556645076515686e-01,8.650185356733913977e+00
2.105981624188478118e+00,1.087646850890818406e+01
1.545355507000352624e+00,1.399108720931423377e+01
1.076533171665186028e+00,1.067592678280625229e+01
-7.420445984617987101e-01,1.018193328265511965e+01
1.589883351560831715e+00,1.031249354471183288e+01
5.826680709074262055e+00,8.923459908307911803e+00
2.637902516935541009e+00,9.973499492317014159e+00
4.557199854374198722e+00,4.366003799827745446e+00
1.485332982847280547e+00,7.851444691201104220e+00
4.668277968532867916e-01,1.406501277844103726e+01
4.603421580360900656e+00,7.743023891697218275e+00
2.707995624857461259e+00,6.020400456894289043e+00
4.294380206472689920e-01,1.047116899531366485e+01
-1.862953933313402199e+00,8.468576474096801476e+00
9.660851834895267665e-01,1.098528609465287431e+01
4.545852750691584454e+00,1.160276838200855920e+01
-1.630114512447800035e+00,1.173351666816918382e+01
2.087824911749057932e+00,6.179399900437667625e+00
-9.470730015466499729e-01,1.237131960627744220e+01
1.859820539151260332e+00,8.396197795799986707e+00
9.647965781688614406e-01,9.525696825980178417e+00
-4.543737950192250352e-02,1.527742754914162759e+01
2.153283260584957670e+00,9.840087317473889428e+00
-2.936488217861819017e-01,8.611048857102233001e+00
1.262905390428887387e+00,1.145898923707203032e+01
2.176950303687636978e+00,1.039755370654961908e+01
1.830434771117800175e+00,7.852518395279984631e+00
4.449496537589127776e+00,6.762844603475715921e+00
9.257451812680457248e-01,6.335579554711031847e+00
1.144638756797950574e+00,1.063995065457058509e+01
1.338208378097229589e+00,1.213842837925755447e+01
1.521357742713750572e+00,1.444055623733710902e+01
-2.437234441966587895e+00,1.035911515134663574e+01
7.353230142673647940e-01,9.634652226321057000e+00
3.219441442559700661e-01,1.292017791406522598e+01
-1.870388501430614525e+00,1.074570480519445503e+01
5.322714714029938676e+00,8.688758942401733520e+00
6.248288618343078582e+00,5.945608600244820074e+00
-5.024105193149819293e-01,9.909376697296591985e+00
3.875816380606394329e+00,9.602839250587489772e+00
1.162824181721848760e-01,1.188354986360404375e+01
1.371071598496924171e+00,1.003068178046643943e+01
1.126598818296385751e+00,1.156799133245347555e+01
2.675106601601394019e+00,6.134503084431752740e+00
-3.624589031061731248e-01,1.011624272392765533e+01
3.598002225880306604e+00,1.034636727519668931e+01
5.213158582455314161e+00,7.597597872661073559e+00
3.758638519121494603e+00,9.527106606133893152e+00
5.858052941489267695e+00,1.487560578062722882e+01
-5.299452551049470550e-01,9.665275272870253787e+00
4.212292568367077550e+00,1.220654227547745130e+01
1.587273973205573840e+00,1.067680642966832139e+01
2.272230507770694796e+00,8.148868652393069567e+00
9.222484237033290455e-01,5.334372566310578101e+00
-3.100135205898065571e+00,8.290182857973199759e+00
1.706061149840791824e+00,5.022562564997581802e+00
-7.156996639130621674e-01,9.310556179429822166e+00
3.415805951709674382e+00,9.589779376081361661e+00
2.973487663911909884e+00,8.598575865211488534e+00
-4.294861605258821768e-01,9.010185279446018214e+00
6.069551264577382810e+00,8.107283037969766681e+00
3.434669177687424302e+00,9.629358989856775963e+00
3.019805178341939733e+00,1.088854898084389333e+01
1.245792212620819628e+00,1.124530624702730108e+01
-1.747069710035666912e+00,6.102861777137388088e+00
1.740347746752062275e+00,1.159591512237588162e+01
1.913071405178398798e+00,7.389091128929307750e+00
2.804529287815085148e+00,6.861899071307286491e+00
-2.207466356214363934e+00,9.220124141684145513e+00
6.129293373668582845e+00,1.091616615578938898e+01
4.643573387476673808e-02,9.271921504392528490e+00
-6.385017943360038473e-01,8.134751792808309290e+00
3.091061292848137132e+00,7.087686722451937982e+00
-1.865649462008698301e-01,9.752651025778174443e+00
2.887558766254317177e+00,8.320724064007769982e+00
1.499075085278172015e-01,7.659042693688636660e+00
3.203677191475535757e-01,3.167961798711479204e+00
4.413484408734651865e+00,6.250528316339762469e+00
8.540061238262371290e+00,6.177249063915617455e+00
-1.524312543056988378e+00,8.508921573030580277e+00
5.674746648301032259e-02,7.095336186330380102e+00
1.632423004929992594e-01,7.775126395207173857e+00
6.300325531743362184e+00,9.628622500876160117e+00
4.823201359806379429e-01,8.292468206103977835e+00
1.667613072956660503e+01,9.605569687552172553e+00
1.504559648032088148e+01,1.616234561202357511e+01
1.279146176920719213e+01,1.285289027223733349e+01
1.378880607385692869e+01,1.354101860246388611e+01
1.641597721040003677e+01,9.976863797267276013e+00
1.812478564341143183e+01,1.050494664870038974e+01
1.774324103657258789e+01,1.006629895203647429e+01
2.122887297439806176e+01,1.152620589338826917e+01
1.154088222050421209e+01,8.986762366770319588e+00
1.394977956418818543e+01,1.200545185921708580e+01
1.506137822624046230e+01,8.325712436375489744e+00
1.533885517947602573e+01,9.609935258704638272e+00
1.848496691814260728e+01,1.068501973141845340e+01
1.125276395586033829e+01,1.173120301577539593e+01
1.612545277594657023e+01,8.607366901249928759e+00
1.625972937432592502e+01,1.268253120794349442e+01
2.028714923823720540e+01,8.638318379211337827e+00
1.442131116602839747e+01,1.131503265122164947e+01
1.977918977009139923e+01,9.576546036451723865e+00
1.674672667833744910e+01,9.958942404848691865e+00
1.569886023262822405e+01,7.296613794621127802e+00
1.735322832267193860e+01,1.149405951260966674e+01
1.568712639169113920e+01,7.470130604911850547e+00
1.833163839122647332e+01,1.000318143747451494e+01
1.509000851992221470e+01,1.174385376694996452e+01
1.526110099849419832e+01,1.100978964371276447e+01
1.176865327942928019e+01,8.255760378573002711e+00
9.177621002189397359e+00,6.863540647060199618e+00
1.815855125331937359e+01,8.446667923134455691e+00
1.351433531784215347e+01,1.154434932902482558e+01
1.444486850457109384e+01,1.138199558961271229e+01
9.889809133376978423e+00,9.574991391271357344e+00
1.183848846537696176e+01,1.071142063723809379e+01
1.159487868256492504e+01,5.751806772172831650e+00
1.517910656524053969e+01,9.609078792169254868e+00
1.817759269508603026e+01,1.344422216408301374e+01
1.492651690392721164e+01,1.482071428485722109e+01
2.005917334820908948e+01,5.571551250031783198e+00
1.622954761513847188e+01,9.114157060521305809e+00
1.451750208229995920e+01,1.130786080250901549e+01
1.576883636205396400e+01,1.276279338297432275e+01
1.323935906635347770e+01,1.372530233710917713e+01
1.606161003023611755e+01,9.629044714844418706e+00
1.629693523800845156e+01,5.695081375366082277e+00
1.799585177207623943e+01,1.009613893485607861e+01
1.818578026638053302e+01,9.800013438044931746e+00
1.626296223010240993e+01,1.229873757259892031e+01
1.728516199798976771e+01,1.054134372413660437e+01
1.302275657408881848e+01,7.097301653432900537e+00
1.884851775400231588e+01,9.622068031939500443e+00
1.707283291308509376e+01,1.031670668256052359e+01
1.828882646834568604e+01,1.187024762122417165e+01
1.789060903327762020e+01,9.306280308669746759e+00
1.242142112595572279e+01,8.444752822526067959e+00
1.244550897957755353e+01,8.989928157610133752e+00
1.529056721258299767e+01,7.485696425802945697e+00
1.569945157716161077e+01,8.938176248125971668e+00
1.686821636766519106e+01,1.011856411520776255e+01
1.730948846022298326e+01,8.717043309264184359e+00
1.519592025882857911e+01,7.572478128940703712e+00
1.524876404679663366e+01,9.691380370301819980e+00
1.959813765536471664e+01,8.864655657438586189e+00
1.261747015535680561e+01,8.245946211297695783e+00
1.115631634598690702e+01,8.277143004462159226e+00
1.315840144778061216e+01,8.403345432311276397e+00
2.020377765861051245e+01,9.344085158311974837e+00
1.471339329640285420e+01,1.441655833932990660e+01
1.385273621891114537e+01,8.206268931994134874e+00
1.470745838993859778e+01,7.070476170229233581e+00
1.065515191491769720e+01,9.048401903678481517e+00
1.541490595809390207e+01,8.954049699538296991e+00
1.761370074345242642e+01,1.079838258161133524e+01
1.544003296873776065e+01,8.223087276901427600e+00
1.238678808101913731e+01,1.207587230079413310e+01
1.526967011081115011e+01,9.049966758322206317e+00
1.188950116641605348e+01,9.208872701296067831e+00
1.459566205064769662e+01,7.677827836166750686e+00
1.562019148100799448e+01,1.035062119239815459e+01
1.837518616760920054e+01,1.601514002397446390e+01
1.285796027704466837e+01,1.036225123351358768e+01
1.732879215614639179e+01,8.958386474855410953e+00
1.578760016300035929e+01,9.662386909534850687e+00
1.450171355167575982e+01,7.839780684990531157e+00
1.335493200557226601e+01,1.301456937299560579e+01
1.793085806668098670e+01,1.428964047350365263e+01
9.786839781876278010e+00,1.043144563849110185e+01
1.432266617736184422e+01,1.309499932896296315e+01
1.250615506102696806e+01,1.062400286193241783e+01
1.571793710086892126e+01,6.803281125255693063e+00
1.576977217951059096e+01,9.602426005012564048e+00
1.566806103882671053e+01,8.031836972096440874e+00
1.639215490204070136e+01,6.455954675820112953e+00
1.362826101724810357e+01,9.859743877150032532e+00
1.323419005379851932e+01,7.233876924597951508e+00
1.942140299362414169e+01,1.176160973026373391e+01
1.548362824439226593e+01,7.081283514595744677e+00
1.653695293607318817e+01,9.775846628758037227e+00
1.061306580039709857e+01,8.630887201562220667e+00
1.568721474127744209e+01,1.344314413070550529e+01
1.400152464024332311e+01,8.174834136897910497e+00
1.611074879797007142e+01,8.522574965020945470e+00
1.479068183650346313e+01,7.451931076394544107e+00
1.566752777962562249e+01,1.123665631723673641e+01
1.345953820817231872e+01,8.164730679325268525e+00
1.350364393001012076e+01,1.151002926208747290e+01
1.314008715039410191e+01,1.025941330480346458e+01
1.564867227689675744e+01,8.906456336144055186e+00
1.329185473205777690e+01,8.336526458129325690e+00
1.556814597966019242e+01,1.040558782193285126e+01
1.808509391763440277e+01,7.801518349664968710e+00
1.348183426492262527e+01,1.187155798547472685e+01
1.978046592127452996e+01,1.068693930642387180e+01
1.831865986874869279e+01,1.303065002201562805e+01
1.628645148193663061e+01,6.450052935700872681e+00
1.081341844256060547e+01,1.054308075170982129e+01
1.706680701024889046e+01,9.913020567584215570e+00
1.417518605770310991e+01,5.690446426895790388e+00
1.225608403746828223e+01,8.688917135015964632e+00
1.338266634700515745e+01,9.145797421864898524e+00
1.690239345897670376e+01,1.358474685196452292e+01
1.192563705937068619e+01,7.886002056652564818e+00
1.738767751169619658e+01,4.618091470217185801e+00
1.305307561432158359e+01,9.927879805030633165e+00
1.658708304765658426e+01,1.159021242612286429e+01
1.408931650101689215e+01,6.554916685577708790e+00
1.441226668268790689e+01,1.225358663962209249e+01
1.898571509378637145e+01,1.321345831670184268e+01
1.675547020124058406e+01,8.758240998384215104e+00
1.783658692477570895e+01,1.095364173587722689e+01
1.590742393520939402e+01,9.110845637130955410e+00
1.526363351728096163e+01,1.215752979678764589e+01
1.538593388088864167e+01,9.788646931915330640e+00
1.372814587090620719e+01,1.411115058874598205e+01
1.441956385374058769e+01,1.011086890665330706e+01
1.536165611426543443e+01,1.296146075485027360e+01
1.277551339090482685e+01,8.472910145095696066e+00
1.277131485889067619e+01,5.972877292868226107e+00
1.411030830321596774e+01,6.553342251145650721e+00
1.504424789305866916e+01,1.410854021905590727e+01
1.384718423720289771e+01,1.441554228508674385e+01
1.493750447035870899e+01,8.923713154954491245e+00
2.165888752985497945e+01,9.260707523881453795e+00
1.662988278417315868e+01,1.046914875781165932e+01
1.768366868549836468e+01,1.128336400494009695e+01
1.639647500086233833e+01,9.543098490910649545e+00
1.397193678435813347e+01,8.816474540697129214e+00
1.746141794345754406e+01,1.135636450718416057e+01
1.682509098723074104e+01,1.105965683189247706e+01
1.144399524140301949e+01,1.483780715405387873e+01
1.555328402895398199e+01,5.848630477488028667e+00
1.482051803125300182e+01,8.759827432801914782e+00
1.492246961612331013e+01,1.137376728037039264e+01
1.690827204996774924e+01,1.099314825587602940e+01
1.251169040200935889e+01,9.095768672617587924e+00
1.425797903469609729e+01,8.134495465424143035e+00
1.348277614292926074e+01,9.523538796742469614e+00
1.401393733868100355e+01,7.936169717791996092e+00
1.758335374112714078e+01,1.555576194773848009e+01
1.623793237912138565e+01,1.189047626768742205e+01
1.417398658870211214e+01,1.122765070926793030e+01
1.228485099128462643e+01,1.123353315392926532e+01
1.620656797218716605e+01,1.049151517883411344e+01
8.856213512862170845e+00,1.290507734941890838e+01
1.393546196709483098e+01,6.859729161926138907e+00
1.304374758915311183e+01,9.553808767035611993e+00
1.627109488541328730e+01,1.325713458785842036e+01
1.599381981748555503e+01,8.451997875511363389e+00
1.548365175691004403e+01,1.201908189828490947e+01
1.929730665147152635e+01,1.028720115181291384e+01
1.112135175553264155e+01,1.086852405776635599e+01
1.581177383732179820e+01,1.186808948086238580e+01
1.636256722459117796e+01,7.873006287461997488e+00
1.199953076727205925e+01,1.200261079234994099e+01
1.142878716279003370e+01,1.596880245166362045e+01
1.281049013932455161e+01,9.073098171101214859e+00
1.823502625446623426e+01,5.366616886333595460e+00
1.073401604784862329e+01,7.491620810832433364e+00
1.314155312223595828e+01,1.633146473166104329e+01
1.621061117464484624e+01,1.020172908851411009e+01
1.258419189932226345e+01,1.481724079147996598e+01
1.435598210839911104e+01,1.061044885710955477e+01
1.285292909031525710e+01,8.662848270042131205e+00
9.812316608301980381e+00,7.789450030052693208e+00
1.317572589192613464e+01,9.136250617326817647e+00
1.746262256439495175e+01,1.152508813102739182e+01
1.466749669279059276e+01,1.108610814953000734e+01
1.776158546666960092e+01,9.733501623940275849e+00
1.712185381266180073e+01,1.181641241463374570e+01
1.497019222934719984e+01,9.079477127289104388e+00
1.573613295408411794e+01,9.063537983877564486e+00
1.145859286960519974e+01,1.022143799704759459e+01
1.267242076337609369e+01,9.126715226477459808e+00
1.463605407950925397e+01,1.195784697730949375e+01
1.364001250779476848e+01,1.115390761696522759e+01
1.598255309549888104e+01,1.181885482085386663e+01
1.373238798172127773e+01,1.319255576494929727e+01
1.643395022933312077e+01,7.112342416889094743e+00
1.181473253423455816e+01,8.666907453724906674e+00
1.265673123146292944e+01,9.606870518463349384e+00
1.764809752298318912e+01,9.679265955097912766e+00
1.467630842456262208e+01,7.752524799073645667e+00
1.281049942556348853e+01,1.001683275804731466e+01
1.916159056486849011e+01,8.545967810163386247e+00
1.300031621125038406e+01,1.009130854777630759e+01
1.250938443730114180e+01,5.140132719033172037e+00
1.376245490804593530e+01,1.064634876396381813e+01
1.444941336323750924e+01,7.229732398233355006e+00
2.283028163906920582e+01,7.661970999803772386e+00
1.211600562574771089e+01,9.788059749285643818e+00
1.338506025918853126e+01,7.422933345373947667e+00
1.316618152765104455e+01,9.856081397526221366e+00
1.581507697583504779e+01,1.049287097929594204e+01
1.233252939317157626e+01,1.327637491559464777e+01
1.491835438628159416e+01,8.945168699780619903e+00
1.906128341474152776e+01,8.945947199766898450e+00
1.327282441876082864e+01,1.079194249460435984e+01
1.591302817959867077e+01,1.128788541263925538e+01
1.809696485971304369e+01,1.121573833054286062e+01
1.460315529424654279e+01,1.162818821591203999e+01
1.195305625068013811e+01,1.331251307043564225e+01
1.344185988006382715e+01,1.227665966805069253e+01
1.463805153741170884e+01,1.005498749862707442e+01
1.188324545594376502e+01,1.316280586413037845e+01
1.586830501241195357e+01,9.356045812681450968e+00
1.499249075119615071e+01,1.481092691572920295e+01
1.767101271564986931e+01,1.086284831946198892e+01
1.278150995634494969e+01,1.246697519092832174e+01
1.269255071692078829e+01,9.889949330952616080e+00
1.308984042834973494e+01,1.110664106814164498e+01
1.528726154813380234e+01,9.071654346096584831e+00
1.286382353278659352e+01,1.335223589748848738e+01
1.532470054718047336e+01,9.585672033304712514e+00
1.476143082262768047e+01,9.343121754427198056e+00
1.992324266841404068e+01,8.955409701103548059e+00
9.938567545555541116e+00,1.193137124342062094e+01
1.697303805126937704e+01,8.377391106888524064e+00
1.166267933950507008e+01,9.215927374981649933e+00
1.681439048176255469e+01,9.055872782419722711e+00
1.546156175808317812e+01,8.921691454547559630e+00
1.242324064996283894e+01,6.589292558742794625e+00
1.471413729112213886e+01,8.291772120960176906e+00
1.342746198653017586e+01,9.609097580497362401e+00
9.066872715416558037e+00,1.180776950923312185e+01
1.452378843502052952e+01,7.207793482224216675e+00
1.638093381024184225e+01,1.003941591224483787e+01
1.144658902338474782e+01,6.297784727099889679e+00
1.770202674628729156e+01,9.658783438017650269e+00
1.605942311410863255e+01,9.816835380263253086e+00
1.042086830289016319e+01,7.203580484594059641e+00
1.519124210611321324e+01,8.117657793840022507e+00
1.271450331872659945e+01,1.090818550643465734e+01
1.159731795089380668e+01,1.237024814310890619e+01
1.883159018322437106e+01,1.017447491964352224e+01
1.573525585753646361e+01,9.009833643726302910e+00
1.337231618175380632e+01,9.294199311767014748e+00
1.661437504528625198e+01,5.058972601739427866e+00
1.048274805865496262e+01,8.078024174332416152e+00
1.225941430259774023e+01,1.141509141831337892e+01
1.643746070537976323e+01,1.094735732094864034e+01
1.385139854374788193e+01,1.099537180922389901e+01
1.020737123144698622e+01,9.018866275191776083e+00
1.466290222626770223e+01,6.540325258993336277e+00
2.013467712468354520e+01,1.048003550959705699e+01
1.458194869751990375e+01,8.540183648868064026e+00
1.919070361623718668e+01,9.859060794132512129e+00
1.468539380769439973e+01,1.212135287437342690e+01
1.486380306300488030e+01,8.832609101116968731e+00
1.731453672916027031e+01,9.403569471117187106e+00
1.340277939933924856e+01,7.945633650819704741e+00
1.481202871606648941e+01,9.121193510128327020e+00
1.401147271136546557e+01,1.098624873039934258e+01
1.635757731605734477e+01,8.911689212908614266e+00
1.130539019836519898e+01,1.633655967919392538e+01
1.527514475948779449e+01,1.254581855453259109e+01
1.394750435268067257e+01,1.465371632472501418e+01
1.649592552015370472e+01,7.817671642285950462e+00
1.178595993730128910e+01,7.755868892032560247e+00
1.455712502287607535e+01,1.100962729430967002e+01
1.313858653778513208e+01,1.035462455940426807e+01
1.160892268247340020e+01,1.241946067911356977e+01
1.282316126445286741e+01,1.378747856925022930e+01
1.691400126873460863e+01,1.153875025729599635e+01
1.507362497747243602e+01,1.010689738476597732e+01
1.384604847312438380e+01,7.606708881471659467e+00
1.666813167208811919e+01,9.853667761802043401e+00
1.323274805052572134e+01,1.157322166096482263e+01
1.621280143516850103e+01,1.010382058590817245e+01
9.956048069827698299e+00,9.658501161377403221e+00
1.479292701373156049e+01,1.250929782011380809e+01
1.079120447916057124e+01,1.228648237974936031e+01
1.112695696891144159e+01,1.234325372864939752e+01
1.460214480407900339e+01,1.179210501227557373e+01
1.665145867193740870e+01,1.370458984516154288e+01
1.536079641222586645e+01,1.089553029668318551e+01
1.284680947061122147e+01,1.072448762348585838e+01
1.578772984588603023e+01,8.892961538589007731e+00
1.621670658415640887e+01,1.101844392230132286e+01
1.821054802475019585e+01,1.049626311685924662e+01
1.586910768279931894e+01,1.059255687641837795e+01
1.338694501785700552e+01,1.163854225869769365e+01
1.593927880319047397e+01,1.139533676421595665e+01
1.356242343640957060e+01,7.264425120612786557e+00
1.559701352963520904e+01,8.990204603520600912e+00
1.250111206605099312e+01,7.701279519149188957e+00
1.264804142315633761e+01,1.005661286679577060e+01
1.678358397401893143e+01,8.895558154092308101e+00
1.325702939565435656e+01,7.961467197601532320e+00
1.544653517810135668e+01,1.131120696385945301e+01
1.875114500489660330e+01,8.970203557546144069e+00
1.621251397856024923e+01,7.239118959580750357e+00
1.586506125510551080e+01,7.048219405486660705e+00
1.491053334315488677e+01,1.012357274811899721e+01
1.599730583649834337e+01,1.059181818450837653e+01
1.348602141232773732e+01,8.192099200209232990e+00
1.579052028419807385e+01,1.211737077018627318e+01
1.746618012928868424e+01,6.573717512268246743e+00
1.526513903210047474e+01,1.183636821896067559e+01
1.401234486311109961e+01,1.335287623325559281e+01
2.096369774320050539e+01,9.104012743079090697e+00
1.327203803279263106e+01,7.732255082343852948e+00
1.467133855035485901e+01,1.237421620862809135e+01
1.593662777630350114e+01,9.626154883342332269e+00
1.343360694524906940e+01,7.238395601488932130e+00
1.964551322642884656e+01,9.472028325726334685e+00
1.354996071151507842e+01,1.016226487840448378e+01
1.653901660909627580e+01,1.092058840627638361e+01
1.810932169341935705e+01,8.136668134576789058e+00
1.741668324411999436e+01,1.127131899724339803e+01
1.836415249155226093e+01,7.206220614620537646e+00
1.359525535164805632e+01,8.196012246705775439e+00
1.254527061603512550e+01,1.262457059189164887e+01
9.877530259474662344e+00,9.480909323262155297e+00
1.237393049871378992e+01,1.173032384187028931e+01
1.356270404777796657e+01,1.081224338115883477e+01
1.203944010656866581e+01,8.157343674722405069e+00
1.591539017626287844e+01,1.283373780033845435e+01
1.300077210465441446e+01,1.296343856679720297e+01
2.013526013202264409e+01,8.023465069313992615e+00
1.454765648030783964e+01,1.176728098048048565e+01
1.566159707136550772e+01,7.831669512558303126e+00
1.766087377438040917e+01,1.017375843248488465e+01
1.716272149981540451e+01,9.661996033131316608e+00
1.330545456440153096e+01,9.619123497565892578e+00
1.619946097192641687e+01,8.341714648409119803e+00
1.557718598468514060e+01,1.016594593519200984e+01
1.251629623151078263e+01,1.065584836360739729e+01
1.437784264616291985e+01,9.714425745663181289e+00
1.524521787602836653e+01,7.922800076108050149e+00
1.515168642356996287e+01,7.456485670428473433e+00
1.811112470746380865e+01,6.844380010293183325e+00
1.276354024772083662e+01,8.622303188167354193e+00
1.378021808862667896e+01,9.239774369848499092e+00
1.573036548154707148e+01,9.908974608050808541e+00
1.636027726645362179e+01,1.064413812015830096e+01
8.543408770823212706e+00,8.851375050756033147e+00
9.866860085013939852e+00,9.255436151723188232e+00
1.440338539819877006e+01,1.208510041119636291e+01
1.121066379213994679e+01,4.755142178785602525e+00
1.507210353601332464e+01,1.304711289021005349e+01
1.292519690035456037e+01,1.344114419475518929e+01
1.227904508405811868e+01,7.948730333469379516e+00
1.558660706311057353e+01,1.509539024370763549e+01
2.019261957649472805e+01,8.800656919177820114e+00
1.677539088499210962e+01,1.223574820685618647e+01
1.667019017123488211e+01,1.145439941610860757e+01
1.802525228166246052e+01,1.032831604420439220e+01
1.504723095773739594e+01,1.228039067849487509e+01
1.571685498064243269e+01,1.078172276059314605e+01
1.218953705313829516e+01,8.354605504099886559e+00
1.459432286811614787e+01,9.778160016784754660e+00
1.462661305519615595e+01,1.045900208105386753e+01
1.442254264265229935e+01,1.128326841433214511e+01
1.637454904662883237e+01,8.323348510447187820e+00
1.714618570442972612e+01,9.925678911835461804e+00
1.560772867943397380e+01,9.709787923698257828e+00
1.344148662090484159e+01,1.198150530617791532e+01
1.333050154361692741e+01,1.018583678216092991e+01
1.588276011959879597e+01,8.384937971789121036e+00
1.364803438420725179e+01,9.198731959411986736e+00
2.010336465168814257e+01,8.712670791975051898e+00
1.180081303878506560e+01,1.044778691705307949e+01
1.526391173426131509e+01,1.461146396956539917e+01
1.517108204243668190e+01,7.493906910369689811e+00
1.869718189118520968e+01,1.138948166658502181e+01
1.471129088610468116e+01,1.071731530169981816e+01
1.706185192230885406e+01,1.181854360401381143e+01
1.355479981588929306e+01,7.848320204256961752e+00
1.419244548826602959e+01,1.106314157956317246e+01
1.752692235670797771e+01,9.504428162417561055e+00
1.299691078591185622e+01,8.137271367056641225e+00
1.598668865512275694e+01,7.657074605522053545e+00
2.022266331797924366e+01,1.222306000829336803e+01
1.522354762788032723e+01,1.128057543764301585e+01
1.586294216317949690e+01,1.011430518883504881e+01
1.571467016432547403e+01,1.172804960338362967e+01
1.662350492451658468e+01,9.001712465798094698e+00
1.210328747431991836e+01,1.201207823273803044e+01
1.552441349943473092e+01,1.312456686070873602e+01
1.783647278885401732e+01,1.243780641914474394e+01
1.722910235785939648e+01,1.030682774013511249e+01
1.748764249165324713e+01,8.120414129520806767e+00
1.680859890235921839e+01,1.054847868146541323e+01
1.352800954827973356e+01,7.161212948697629699e+00
1.588310087811965055e+01,1.302056028817404076e+01
2.011824313679495546e+01,1.103745248782677280e+01
1.500243978618911989e+01,1.062036480231601310e+01
1.643044647531039359e+01,9.656236500375523946e+00
1.907445153714425246e+01,1.110980742946247979e+01
8.666878326877775152e+00,6.240096491359405917e+00
1.433108574174979744e+01,1.183516456006586104e+01
1.149013437049882391e+01,1.117563668557433409e+01
1.644407356665015740e+01,9.992787556479312272e+00
1.711146013510592923e+01,1.190684807588564631e+01
1.648350589494322804e+01,7.998662857378539215e+00
1.749386974028634967e+01,1.056714810510321279e+01
1.613304828726892381e+01,6.506058051910580176e+00
1.373938888981941631e+01,8.128549990649538870e+00
1.193262046205105875e+01,7.261977790144121592e+00
1.782708757459383975e+01,6.629324203833828477e+00
1.403993880965682450e+01,8.701042982587908980e+00
1.361002700676307953e+01,1.242634530385606872e+01
1.622175753511588425e+01,1.087526420450286224e+01
1.505544723405523122e+01,1.017559401752990667e+01
1.425915824633032791e+01,1.035575318939618406e+01
1.544217943004816718e+01,9.607375525342948919e+00
1.535233955943340156e+01,1.031484545315922574e+01
1.336063850101464467e+01,1.087386545495138535e+01
1.635066034058565165e+01,1.076784598257970416e+01
1.295125163439153049e+01,1.207598556654978950e+01
1.386227251627400392e+01,1.205473111700509392e+01
1.600345027808220522e+01,9.231537796641173799e+00
2.019808045190325174e+01,9.396045920227185988e+00
1.350399667844342666e+01,7.112659602681262072e+00
1.223177743945918294e+01,9.158813247414771652e+00
1.411322094271461580e+01,6.540316634024257780e+00
1.658480568771857833e+01,1.123660496975710466e+01
1.046821530567661540e+01,1.150483281996410589e+01
1.952605481803083265e+01,1.170998683901764537e+01
1.226500508215502450e+01,6.952101092433930596e+00
1.442446695255139488e+01,9.876124450852056924e+00
1.165457492560521935e+01,1.198516428293439340e+01
1.454897822274967467e+01,6.460561353043518196e+00
1.872110657950193158e+01,1.409343903488549898e+01
1.714286978278521545e+01,1.077880069670025520e+01
1.526384226769321906e+01,1.232742694560396757e+01
1.558731078361453726e+01,1.241058011149985596e+01
1.383382791991099481e+01,1.089101082113386809e+01
1.563447209753632983e+01,1.392222556800793498e+01
1.227377168280926156e+01,1.005737023127607088e+01
1.567243558583989405e+01,7.995933996692913936e+00
1.410061912971338849e+01,1.193921068122388007e+01
1.390113782283690114e+01,1.155630935802987480e+01
1.151875488102789191e+01,8.049146214055671322e+00
1.797468349978746360e+01,7.747402812229422508e+00
1.423481922036125802e+01,8.817791443002420237e+00
1.688914584554250098e+01,1.134945920972250200e+01
1.640679393100078443e+01,7.960079130747430121e+00
1.292967397504699711e+01,1.090580338783744452e+01
1.482586415723868534e+01,1.045429271408523419e+01
1.600892737429948554e+01,1.133659857041274677e+01
1.560605446538796137e+01,1.348739326633015168e+01
1.378526736798269425e+01,6.314964673482426960e+00
2.201457856948998426e+01,7.593642194010461921e+00
1.729217683107081527e+01,9.257280094343572685e+00
1.593431427449440285e+01,1.407455381274935924e+01
1.626882438670785547e+01,1.082876839620406173e+01
1.514072251480057574e+01,9.750772041995325878e+00
7.747395912340618196e+00,8.286746600483983372e+00
1.193329477565208308e+01,7.216061000076491538e+00
1.472642432387202049e+01,1.192443345979023661e+01
1.501042220521918225e+01,7.114773338749294851e+00
1.853315542271441529e+01,9.589862518303037930e+00
1.295673037236641179e+01,1.028702949933888533e+01
1.788868639238296510e+01,1.029519871114822038e+01
1.705075635330360484e+01,1.257487055117023544e+01
1.398307348817311713e+01,8.555305017941135404e+00
1.773052591800389877e+01,6.640058036225596538e+00
1.405917208125920403e+01,8.310570797413788569e+00
1.281490510281207662e+01,1.047530398796539686e+01
1.460537681189546433e+01,1.088387011083291256e+01
1.812001593510280983e+01,1.289450603778766435e+01
1.248330840617743220e+01,7.714239329952521373e+00
1.687943948757337154e+01,9.279064288653225745e+00
1.534200629220044476e+01,1.417023524620866226e+01
1.774353917584730311e+01,8.833258188750090056e+00
1.522018111664018036e+01,7.634650854232152284e+00
1.637241378599854968e+01,8.349822192350284666e+00
1.639557856579187956e+01,1.150859419793117056e+01
1.716045692905989029e+01,1.110168867671467119e+01
1.344479198352139804e+01,1.159764391515759741e+01
1.602319785412725039e+01,1.393637832914959240e+01
9.471965025248351822e+00,8.463846224134513818e+00
1.636466525203845990e+01,1.428188140947638729e+01
1.358707126137385046e+01,9.079077546275785338e+00
1.089583771843355819e+01,9.776361014663072169e+00
1.346615956753285914e+01,1.252601403562936966e+01
1.814140110122652061e+01,7.040203504613124608e+00
1.518299085921454505e+01,8.075610389278770285e+00
1.363476658457193125e+01,8.315957922901382915e+00
1.911390730952924244e+01,9.959501955733728096e+00
1.051607033665353264e+01,6.787717804499453500e+00
1.737772602195783733e+01,1.188015529309429930e+01
1.252647112736188539e+01,1.050168353572986746e+01
1.572207534090355807e+01,1.201097731787197809e+01
1.450744343843469331e+01,1.223794560036067303e+01
1.772153478259562576e+01,7.830390232190127975e+00
1.822850037996411032e+01,1.080185320359636592e+01
1.743550152825335431e+01,1.062523148610873314e+01
1.253806257477527808e+01,1.096407304782518288e+01
1.535780895220457332e+01,8.853053470619409282e+00
1.262976356542004197e+01,1.068188588009231843e+01
1.457587874050075349e+01,1.541943208200626891e+01
1.844887451270835754e+01,8.993635576966957146e+00
1.417064954597375070e+01,1.194462720164167635e+01
1.710199654880392828e+01,7.729237067446351972e+00
1.483753644496860957e+01,1.156761957114077610e+01
1.456881158753926719e+01,1.359723102397247985e+01
1.305854279102614690e+01,5.475842456798718061e+00
1.308663001834088924e+01,9.805798161804572644e+00
1.675680653016295452e+01,1.154077921499218995e+01
1.600332254755183214e+01,8.184721230862912478e+00
1.413440930562338593e+01,8.813327808363602855e+00
1.311858586035127061e+01,1.067093356360074630e+01
1.553214344613891740e+01,8.553536863980246707e+00
1.672357738668945970e+01,6.880327353091900910e+00
1.586266820160937208e+01,8.604880567354541654e+00
1.893579691417554756e+01,8.939046690966655717e+00
1.525995805749773027e+01,8.479316963083093128e+00
1.540573096683931986e+01,1.173896045858398729e+01
1.439098112251255834e+01,1.083534141150832930e+01
1.253585005068583236e+01,1.064329132717489657e+01
1.640448837851077712e+01,8.036406728691686041e+00
1.438513844487509807e+01,7.885867355758216846e+00
1.599540810436923266e+01,9.800453397532930211e+00
1.635817651087028679e+01,9.239659828017368071e+00
1.685223106569513973e+01,9.944857740053011597e+00
1.544299806597455671e+01,5.417804198390344439e+00
1.700968694290594030e+01,1.003463625608833709e+01
1.295585636512193517e+01,1.247916868295760828e+01
1.502371823861151690e+01,1.060852838677973153e+01
1.488854124444637783e+01,1.127817156269780696e+01
1.336017100281912029e+01,1.343859605477502761e+01
1.379107845910680297e+01,7.277115532582559609e+00
1.586642710602148298e+01,1.011278176596828082e+01
1.602392543601319730e+01,9.050224443593730683e+00
1.362792559014346949e+01,1.214708805103038536e+01
1.588322903275532738e+01,8.608789091446602981e+00
1.442829042904872772e+01,8.609597615994669439e+00
1.479188814869677593e+01,9.075026816322353085e+00
1.604921520602189133e+01,8.974992724741488459e+00
1.465873387205457767e+01,9.804885230431937160e+00
1.616754762259021305e+01,9.187704094571946811e+00
1.565275510518106827e+01,2.971900615190651962e+00
1.704830994644396469e+01,9.898299833387525837e+00
2.053212273121400244e+01,1.152012673450037639e+01
1.205927491114248795e+01,1.087057327118284711e+01
1.427708911696484684e+01,1.236151123709896638e+01
1.827759682683603515e+01,1.254454319929289774e+01
1.608697066875818038e+01,1.582572772866586064e+01
1.571303228740306324e+01,1.195540057098467557e+01
1.739633651339407905e+01,6.865404309274869554e+00
1.610800972393411712e+01,7.592812340086545930e+00
1.666864033368526776e+01,8.190577824975246557e+00
1.742576450555764112e+01,1.200748582394393082e+01
1.594259031589423437e+01,1.263611205986763153e+01
1.360571244569196736e+01,8.584760808266473475e+00
1.237065161689277915e+01,6.972995017699042286e+00
1.762759060193040384e+01,5.106843622656186632e+00
1.714759119586861402e+01,1.117447490698143220e+01
1.322836585496532003e+01,7.476765678883200650e+00
1.415935298344212967e+01,1.146232219807354014e+01
1.247342246824900336e+01,1.246212546788686382e+01
1.188207817796471844e+01,1.058525549656740594e+01
1.628925700781563890e+01,9.270503998828724335e+00
1.199893169042979935e+01,1.143230640821894184e+01
1.597688927076368159e+01,9.932665709241911500e+00
1.394414303608447447e+01,9.682023548877765506e+00
1.490480130106466738e+01,9.468955407804951818e+00
1.197748940012286134e+01,1.183022496723537564e+01
1.938831624437719015e+01,1.239681848927738805e+01
2.227319175815394203e+01,1.106474776235323532e+01
1.654152135074749808e+01,1.077031410126105371e+01
1.861261681668237244e+01,7.045519419622198853e+00
1.391854718746178676e+01,1.209518199800937133e+01
1.601644124818998094e+01,1.017944758031112151e+01
2.043354356389232862e+01,1.215845599254131848e+01
1.054946753755301003e+01,9.756307089961921974e+00
1.208104483911368732e+01,1.032442672147295504e+01
1.709662146130824567e+01,1.117669957992630003e+01
1.845344240881076914e+01,1.217594265902694417e+01
1.562919661862803800e+01,1.267994258994643175e+01
1.574803882653163534e+01,9.186147543660350578e+00
1.587643606008867359e+01,1.136870494121290953e+01
1.615561283325363107e+01,1.152895587361437002e+01
1.630007748120118549e+01,7.118116826351871040e+00
1.332569323072702616e+01,4.983850004674918566e+00
1.467590905784410538e+01,1.240067616215218038e+01
1.897871339919661438e+01,1.127678823296814059e+01
1.898527214828937559e+01,1.271503500854856838e+01
1.592388661795402349e+01,8.398561138222396139e+00
1.890170861690757675e+01,1.417559152418411372e+01
1.191972714998807525e+01,1.251856842235677547e+01
1.200598058441654814e+01,6.370601627099164332e+00
1.046779164546870433e+01,1.331592271951034334e+01
1.106248830099675118e+01,1.262570075913754586e+01
1.685733236900588494e+01,9.765551654687785188e+00
1.432684438358539225e+01,8.214238541782105330e+00
1.391292329720776166e+01,9.089894844369835525e+00
1.365609256140503902e+01,9.473204359376859784e+00
1.805582342680401808e+01,6.552230903644935545e+00
1.640678491320793597e+01,1.002634743330206568e+01
1.222566873960327172e+01,1.359972331513246679e+01
1.163439201808351164e+01,1.467889416148524262e+01
1.025760359100002361e+01,7.081243643680312339e+00
1.379040194212705650e+01,9.445214309662686603e+00
1.711366068097456505e+01,1.163413535389239684e+01
1.365574377391084049e+01,1.075614877393400803e+01
1.750204110783511879e+01,1.281982300326230551e+01
1.157175045453439921e+01,1.520420912203987029e+01
1.446726160659187066e+01,8.643545010406239015e+00
1.658371069302432943e+01,9.675996795518555516e+00
1.421542568157808439e+01,1.160663670310816720e+01
1.483665051643951927e+01,9.615846736882028623e+00
1.621059261132824503e+01,8.152979524451238191e+00
1.554419758656591810e+01,1.361229569711845144e+01
1.816784012964997075e+01,1.192401809827740777e+01
1.535392219615656195e+01,1.187480629334470450e+01
1.387805255105212865e+01,1.073868743336159071e+01
1.334475774816239380e+01,1.269049852155365521e+01
1.424213568770456817e+01,1.281930797530646871e+01
1.431239485334130102e+01,1.096119917941961042e+01
1.555950280366896799e+01,4.064780505799387100e+00
1.812833024576362817e+01,7.144665605295474897e+00
1.536348811686362126e+01,1.180888484888935430e+01
1.318114603620528591e+01,8.700558415853425487e+00
1.493746000741506919e+01,9.370218495843079864e+00
1.151103722963452469e+01,1.070161820501449412e+01
1.411143815676394553e+01,7.688146408329624037e+00
1.309007751511899187e+01,9.059489424015330528e+00
1.534750186637302960e+01,3.643105774119780094e+00
1.284356550403220965e+01,4.066905578632042939e+00
1.667860601975741730e+01,9.718705050836756953e+00
1.454714210321767176e+01,7.922233975837200681e+00
1.395602450323494281e+01,8.743226217063023498e+00
1.148937257756455033e+01,1.283548371559877488e+01
1.488591511741504014e+01,9.647229894765885660e+00
1.112545975106303153e+01,7.017712794735412984e+00
1.246772183617083307e+01,1.258021219331919127e+01
1.639741727858778830e+01,1.064340918241548550e+01
1.304880627217154299e+01,9.778296388530092642e+00
1.483177260956920485e+01,7.706555673872045986e+00
1.297163446801599385e+01,9.544984655002727081e+00
1.321448160201143551e+01,1.200131861237692910e+01
1.535760827759631120e+01,5.061955961472865972e+00
1.799324826590318693e+01,1.324359026403128325e+01
1.312384168167569598e+01,1.442949843895816819e+01
1.457863562279195335e+01,1.153644241248094815e+01
1.604577906548461641e+01,1.234511989628635575e+01
1.357156539972961795e+01,1.236999668765429128e+01
2.049732051283615419e+01,5.631118188347383757e+00
1.386504041641042129e+01,1.029620902014439388e+01
1.642844471769381798e+01,1.380658599003598752e+01
1.527992566228006943e+01,1.114058891727368206e+01
1.352913831721415683e+01,9.682627600351143116e+00
1.768572276056340087e+01,7.969868800922254692e+00
1.619008795002386236e+01,8.010164131053123526e+00
1.495919432928535464e+01,1.169032727293332918e+01
1.761271781580044049e+01,8.163569161708000621e+00
1.399859410433777995e+01,1.006968020188238988e+01
1.853493653266962582e+01,9.294423317719243016e+00
1.276504815897385292e+01,1.203304664056780560e+01
1.724712989723791523e+01,8.886646910187824489e+00
1.477314746089493624e+01,8.940862683028846902e+00
1.839561116480037128e+01,1.011549363285840997e+01
1.647095614261860774e+01,7.374879187616850018e+00
1.562023541504649948e+01,9.094948055450041480e+00
1.668375176998560860e+01,1.197961243971908019e+01
1.350698390604605592e+01,8.902034357866522640e+00
1.547532211257086310e+01,7.686185120603692411e+00
1.150933521311408114e+01,1.280569720493008745e+01
1.207655806239670682e+01,1.097002265968121826e+01
1.471896577381944304e+01,8.050832858462495523e+00
1.395201688186989131e+01,1.236381623090361082e+01
1.806764836585401923e+01,6.717024756160501653e+00
1.420968658053778810e+01,8.943764019658097197e+00
1.403960214590615152e+01,1.096691308773748652e+01
1.635209003296181862e+01,1.573485995819530103e+01
1.469585799134668136e+01,1.235587150290414549e+01
1.375088950560765255e+01,1.009081477436893870e+01
1.654023684205205669e+01,1.269183400692054953e+01
2.118414685248426110e+01,9.542750068459426416e+00
1.469810783801363918e+01,9.906337927111046326e+00
1.793430091140707106e+01,1.065624644375034435e+01
1.829880518019064439e+01,6.368875779278695859e+00
8.620903114409214751e+00,1.331817433007930518e+01
1.427772588818703348e+01,1.351104127096033736e+01
1.402855634831744780e+01,1.102198656102552121e+01
1.348773142425046956e+01,1.057523855391722378e+01
1.347670463298138266e+01,8.860847688557752733e+00
1.408758356950417578e+01,1.171484881701667646e+01
1.307387735504085846e+01,9.927065034920959263e+00
1.241968172056384034e+01,8.450275184145240814e+00
1.736844641286207747e+01,8.212091859786131209e+00
1.661484396720202028e+01,1.156123409854985695e+01
1.444697754290752556e+01,1.164006589984240492e+01
1.533009109921809632e+01,9.170188350927420018e+00
1.401218783496243248e+01,1.124202681475796162e+01
1.598513321882357374e+01,7.229879613554160755e+00
1.087389338306396169e+01,1.061173396567526694e+01
1.176261064477989571e+01,5.491765464682828224e+00
1.331466695895888996e+01,9.983704231561652875e+00
1.674185062395277868e+01,7.862761063598906475e+00
1.520301116022907983e+01,9.433090505720926444e+00
1.221122228935490561e+01,1.305253408298864315e+01
1.448141201264841271e+01,1.081575472876960831e+01
1.698948815181377014e+01,4.256230960456887757e+00
1.630577369085610329e+01,1.065288151940178984e+01
1.278125211247155413e+01,1.143969687808040092e+01
1.251822020822821635e+01,1.098907151657316561e+01
1.025822318971550828e+01,1.114585006912177612e+01
1.100593421053747001e+01,1.086648907790769059e+01
1.440534554546816182e+01,1.074510074638361345e+01
1.535076008647393664e+01,7.475092058779239323e+00
1.506674653260155772e+01,7.978943817289783524e+00
1.405492458936678091e+01,9.361717975579761486e+00
1.722958648204753018e+01,9.052794441358168243e+00
1.515934553521028860e+01,1.206022643290035035e+01
1.251839794612640411e+01,1.153698394885709355e+01
1.615162383900152676e+01,6.973540996674802983e+00
1.560613232360561931e+01,9.188660266862399340e+00
1.286799733125357648e+01,1.258805612117380690e+01
1.932940693869397819e+01,7.857871937910195115e+00
1.620898381415764433e+01,1.239789525462216702e+01
1.851668438661430116e+01,1.022206015631749842e+01
1.661532700465913592e+01,1.144653362691996534e+01
1.507957575577210463e+01,7.008380115389058140e+00
1.337748634560328753e+01,9.888099551070745008e+00
1.454919880221656747e+01,9.650036127694454180e+00
1.138537229104422721e+01,1.365792894503001520e+01
1.530402428613752441e+01,1.096114918628961732e+01
1.626047507518580559e+01,9.511098150604430757e+00
1.456948446710135059e+01,8.933015452824438540e+00
1.607844221634886139e+01,1.265237806218934224e+01
1.490341586102031002e+01,5.823067658956430748e+00
2.077838592168128784e+01,1.218315455727532814e+01
1.935558233727633848e+01,1.017244116447238156e+01
1.335899841243003294e+01,8.752394721857353233e+00
1.514442833862067417e+01,7.547308889578948410e+00
1.617793924291019181e+01,8.479179232195320992e+00
1.386693486762907668e+01,8.156329415286901252e+00
